<configuration scan="true" scanPeriod="10 seconds" debug="false">

    <property name="portinLog" value="/var/log/portin/application.log"/>

    <appender name="STDOUT" class="ch.qos.logback.core.ConsoleAppender">
        <encoder class="ch.qos.logback.classic.encoder.PatternLayoutEncoder">
            <pattern>%d{yyyy-MM-dd HH:mm:ss.SSS} [%thread] %-5level %logger{0} :%M %L - %msg%n</pattern>
        </encoder>
    </appender>

    <appender name="PORTIN" class="ch.qos.logback.core.rolling.RollingFileAppender">
        <file>${portinLog}</file>

        <rollingPolicy class="ch.qos.logback.core.rolling.SizeAndTimeBasedRollingPolicy">
            <fileNamePattern>${portinLog}.%d.%i.zip</fileNamePattern>
            <maxFileSize>50MB</maxFileSize>
            <maxHistory>7</maxHistory>
        </rollingPolicy>

        <encoder class="ch.qos.logback.classic.encoder.PatternLayoutEncoder">
            <pattern>%d{yyyy-MM-dd HH:mm:ss.SSS} [%thread] %-5level %logger{0} :%M %L - %msg%n</pattern>
        </encoder>
    </appender>

    <logger name="com.did.portin">
        <level value="TRACE"/>
        <appender-ref ref="PORTIN"/>
    </logger>


    <root level="INFO">
        <appender-ref ref="STDOUT"/>
    </root>


</configuration>
