<?xml version="1.0" encoding="UTF-8"?>
<beans xmlns="http://www.springframework.org/schema/beans"
	   xmlns:xsi="http://www.w3.org/2001/XMLSchema-instance"
	   xmlns:context="http://www.springframework.org/schema/context"
	   xmlns:aop="http://www.springframework.org/schema/aop"
	   xsi:schemaLocation="http://www.springframework.org/schema/beans http://www.springframework.org/schema/beans/spring-beans.xsd
        http://www.springframework.org/schema/context http://www.springframework.org/schema/context/spring-context.xsd



        http://www.springframework.org/schema/aop http://www.springframework.org/schema/aop/spring-aop.xsd">

	<context:annotation-config/>

	<context:component-scan base-package="com.did.portin">
		<context:exclude-filter type="regex" expression="com\.did\.portin\.mybatis\..*"/>
	</context:component-scan>

	<context:property-placeholder location="classpath:/spring/portin-app.properties"/>

	<import resource="environment.xml"/>
	<import resource="datasource.xml"/>
	<import resource="liquibase.xml"/>
	<import resource="dao.xml"/>

</beans>