<?xml version="1.0" encoding="UTF-8"?>
<beans xmlns="http://www.springframework.org/schema/beans"
	   xmlns:xsi="http://www.w3.org/2001/XMLSchema-instance"

	   xsi:schemaLocation="http://www.springframework.org/schema/beans http://www.springframework.org/schema/beans/spring-beans-3.2.xsd">


	<!-- PORTIN POSTGRESQL -->
	<bean id="dataSourcePortin" class="org.springframework.jdbc.datasource.DriverManagerDataSource">
		<property name="driverClassName" value="${spring.datasource.driver-class-name}" />
		<property name="url" value="${spring.datasource.url}" />
		<property name="username" value="${spring.datasource.username}"/>
		<property name="password" value="${spring.datasource.password}"/>
	</bean>

	<bean id="sqlSession" class="org.mybatis.spring.SqlSessionTemplate">
		<constructor-arg index="0" ref="sqlSessionFactory" />
	</bean>

	<bean id="sqlSessionFactory" class="org.mybatis.spring.SqlSessionFactoryBean">
		<property name="dataSource" ref="dataSourcePortin" />
	</bean>
	
</beans>