<?xml version="1.0" encoding="UTF-8"?>
<beans xmlns="http://www.springframework.org/schema/beans"
       xmlns:xsi="http://www.w3.org/2001/XMLSchema-instance"
       xsi:schemaLocation="http://www.springframework.org/schema/beans http://www.springframework.org/schema/beans/spring-beans-3.0.xsd">


    <bean name="product" class="java.lang.String">
        <constructor-arg
                value="#{T(com.did.portin.discovery.DiscoveryConstants).PRODUCT}"/>
    </bean>

    <bean name="component" class="java.lang.String">
        <constructor-arg
                value="#{T(com.did.portin.discovery.DiscoveryConstants).COMPONENT}"/>
    </bean>

    <bean name="bandwidth.base.url" class="java.lang.String">
        <constructor-arg value="${bandwidth.base.url}"/>
    </bean>

    <bean name="bandwidth.api.siteid" class="java.lang.Integer">
        <constructor-arg value="${bandwidth.api.siteid}"/>
    </bean>

    <bean name="bandwidth.api.peerid" class="java.lang.Integer">
        <constructor-arg value="${bandwidth.api.peerid}"/>
    </bean>

    <bean name="did.processing.s3.bucketName" class="java.lang.String">
        <constructor-arg value="${did.processing.s3.bucketName}"/>
    </bean>

    <bean name="did.processing.s3.region" class="java.lang.String">
        <constructor-arg value="${did.processing.s3.region}"/>
    </bean>

    <bean name="bandwidth.api.retry.max.count" class="java.lang.Integer">
        <constructor-arg value="${bandwidth.api.retry.max.count}"/>
    </bean>

    <bean name="bandwidth.api.retry.interval" class="java.lang.Integer">
        <constructor-arg value="${bandwidth.api.retry.interval}"/>
    </bean>
    <bean name="bandwidth.api.file.upload.maxfilesizeinmb" class="java.lang.String">
        <constructor-arg value="${bandwidth.api.file.upload.maxfilesizeinmb}"/>
    </bean>
    <bean name="bandwidth.api.file.upload.signeddatepastlimitindays" class="java.lang.Long">
        <constructor-arg value="${bandwidth.api.file.upload.signeddatepastlimitindays}"/>
    </bean>
    <bean name="bandwidth.api.update.requestedActivationDateLimitInDays" class="java.lang.Long">
        <constructor-arg value="${bandwidth.api.update.requestedActivationDateLimitInDays}"/>
    </bean>
</beans>