<?xml version="1.1" encoding="UTF-8" standalone="no"?>
<databaseChangeLog xmlns="http://www.liquibase.org/xml/ns/dbchangelog"
                   xmlns:xsi="http://www.w3.org/2001/XMLSchema-instance"
                   xsi:schemaLocation="http://www.liquibase.org/xml/ns/dbchangelog http://www.liquibase.org/xml/ns/dbchangelog/dbchangelog-3.5.xsd">


    <changeSet author="portin" id="create_portin_schema" context="schema">
        <sql>
            CREATE SCHEMA IF NOT EXISTS portin;
        </sql>
    </changeSet>

    <changeSet author="portin" id="portin_questionnaire" context="schema">
        <sql>
            -- -----------------------------------------------------
            -- Table: portin.portin_questionnaire -- START -----------
            -- -----------------------------------------------------

            CREATE TABLE IF NOT EXISTS portin.portin_questionnaire
            (
            qid bigserial NOT NULL,
            qname character varying(128) COLLATE pg_catalog."default" NOT NULL,
            qtype character varying(32) COLLATE pg_catalog."default" NOT NULL,
            question TEXT COLLATE pg_catalog."default" NOT NULL,
            default_selection character varying(1) COLLATE pg_catalog."default" NOT NULL,
            q_desc_yes TEXT COLLATE pg_catalog."default",
            q_desc_no TEXT COLLATE pg_catalog."default",
            yes_weightage numeric(3) NOT NULL,
            no_weightage numeric(3) NOT NULL,
            CONSTRAINT questionnaire_pkey PRIMARY KEY (qid)
            )

            TABLESPACE pg_default;

            COMMENT ON TABLE portin.portin_questionnaire
            IS 'This table is for possible DID portin precheck questions for UI purpose.';

            COMMENT ON COLUMN portin.portin_questionnaire.qid
            IS 'This is unique primary key column for portin_questionnaire table.';

            COMMENT ON COLUMN portin.portin_questionnaire.qname
            IS 'This is possible precheck question name for a DID portin.';

            COMMENT ON COLUMN portin.portin_questionnaire.qtype
            IS 'This is precheck question type(Ex: question, warning, info etc..) for a DID portin.';

            COMMENT ON COLUMN portin.portin_questionnaire.question
            IS 'This is precheck question for a DID portin.';

            COMMENT ON COLUMN portin.portin_questionnaire.default_selection
            IS 'This is precheck question default selection(Ex: Y or N) for a DID portin.';

            COMMENT ON COLUMN portin.portin_questionnaire.q_desc_yes
            IS 'This is precheck question description or info for a DID portin.';

            COMMENT ON COLUMN portin.portin_questionnaire.q_desc_no
            IS 'This is precheck question description or info for a DID portin.';

            COMMENT ON COLUMN portin.portin_questionnaire.yes_weightage
            IS 'This is precheck question yes weightage for a DID portin.';

            COMMENT ON COLUMN portin.portin_questionnaire.no_weightage
            IS 'This is precheck question no weightage for a DID portin.';

            -- Table: portin.portin_questionnaire -- END -------------

        </sql>
    </changeSet>

    <changeSet author="portin" id="insert_questionnaire_data" context="initial-data">
        <sql>
            -- DATA INSERTION for portin_questionnaire

            INSERT INTO
            portin.portin_questionnaire (qname, qtype, question, default_selection, q_desc_yes, q_desc_no, yes_weightage, no_weightage)
            VALUES
            ('Active Numbers', 'question', 'Are the numbers you are trying to port active?', 'N', 'Great! Our easy to use porting process will help you with your porting request!', 'It is not possible to port numbers that are not active', 9, 0),
            ('Open/Pending Orders', 'question', 'Are you sure that there are no open/pending orders with the current service provider for the number you are trying to port?', 'N', 'Perfect! This will avoid costly delays!', 'We suggest to submit the new request once the open/pending orders on the numbers are cancelled with the current carrier', 8, 0),
            ('Bundled Services', 'question', 'Are you sure that are no active DSL/Broadband service on any number that you are trying port?', 'N', 'That is great! You have one less thing to worry about', 'You will lose your Broadband/DSL internet service if you port a number associated with your DSL/Broadband connection', 9, -9),
            ('Account Information', 'question', 'Do you have the account information from your current service provider for numbers that you are trying to port?', 'N', 'You have the right information to process your request smoothly without rejections!', 'Porting requests submitted without accurate account information will lead to substantial delays', 8, -8),
            ('Copy of Bill', 'question', 'Do you have a copy of bill for the numbers you are porting?', 'N', 'That’s Great. ', 'Its good to have a copy of bill', 8, -8),
            ('Letter of Authorization(LOA)', 'question', 'Do you have the LOA document available?', 'N', 'That’s Great. ', 'Its good to have a LOA document', 8, -8);


        </sql>
    </changeSet>

    <changeSet author="portin" id="state" context="schema">
        <sql>
            -- -----------------------------------------------------
            -- Table: portin.state -- START ------------------
            -- -----------------------------------------------------

            CREATE TABLE IF NOT EXISTS portin.state
            (
            state_id serial NOT NULL,
            state character varying(32) COLLATE pg_catalog."default" NOT NULL,
            state_abbreviation character varying(2) COLLATE pg_catalog."default" NOT NULL,
            CONSTRAINT state_id_pkey PRIMARY KEY (state_id)
            )

            TABLESPACE pg_default;

            COMMENT ON TABLE portin.state
            IS 'This table is for maintaining data center information for states.';

            COMMENT ON COLUMN portin.state.state_id
            IS 'This is unique primary key column for data_center table.';

            COMMENT ON COLUMN portin.state.state
            IS 'This is full name of the state.';

            COMMENT ON COLUMN portin.state.state_abbreviation
            IS 'This is state abbreviation.';

            -- Table: portin.state -- END --------------------------
        </sql>
    </changeSet>

    <changeSet author="portin" id="insert_state_data" context="initial-data">
        <sql>
            -- DATA INSERTION for State

            INSERT INTO
            portin.state (state_id, state, state_abbreviation)
            VALUES
            (1, 'Alabama', 'AL'),
            (2, 'Alaska', 'AK'),
            (3, 'Arizona', 'AZ'),
            (4, 'Arkansas','AR'),
            (5, 'California','CA'),
            (6, 'Colorado', 'CO'),
            (7, 'Connecticut', 'CT'),
            (8, 'Delaware', 'DE'),
            (9, 'Florida', 'FL'),
            (10, 'Georgia', 'GA'),
            (11, 'Hawaii', 'HI'),
            (12, 'Idaho', 'ID'),
            (13, 'Illinois', 'IL'),
            (14, 'Indiana', 'IN'),
            (15, 'Iowa', 'IA'),
            (16, 'Kansas', 'KS'),
            (17, 'Kentucky', 'KY'),
            (18, 'Louisiana', 'LA'),
            (19, 'Maine', 'ME'),
            (20, 'Maryland', 'MD'),
            (21, 'Massachusetts', 'MA'),
            (22, 'Michigan', 'MI'),
            (23, 'Minnesota', 'MN'),
            (24, 'Mississippi', 'MS'),
            (25, 'Missouri', 'MO'),
            (26, 'Montana', 'MT'),
            (27, 'Nebraska', 'NE'),
            (28, 'Nevada', 'NV'),
            (29, 'New Hampshire', 'NH'),
            (30, 'New Jersey', 'NJ'),
            (31, 'New Mexico', 'NM'),
            (32, 'New York', 'NY'),
            (33, 'North Carolina', 'NC'),
            (34, 'North Dakota', 'ND'),
            (35, 'Ohio', 'OH'),
            (36, 'Oklahoma', 'OK'),
            (37, 'Oregon', 'OR'),
            (38, 'Pennsylvania', 'PA'),
            (39, 'Rhode Island', 'RI'),
            (40, 'South Carolina', 'SC'),
            (41, 'South Dakota', 'SD'),
            (42, 'Tennessee', 'TN'),
            (43, 'Texas', 'TX'),
            (44, 'Utah', 'UT'),
            (45, 'Vermont', 'VT'),
            (46, 'Virgina', 'VA'),
            (47, 'Washington', 'WA'),
            (48, 'West Virgina', 'WV'),
            (49, 'Wisconsin', 'WI'),
            (50, 'Wyoming', 'WY'),
            (51, 'District of Columbia', 'DC'),
            (52, 'Puerto Rico', 'PR'),
            (53, 'U.S. Virgin Islands', 'VI');

        </sql>
    </changeSet>

    <changeSet author="portin" id="access" context="schema">
        <sql>
            -- -----------------------------------------------------
            -- Table portin.access
            -- -----------------------------------------------------

            CREATE TABLE IF NOT EXISTS portin.access(
            subject varchar(255) PRIMARY KEY NOT NULL,
            access jsonb NOT NULL
            );

            CREATE INDEX IF NOT EXISTS i_access_create ON portin.access USING GIN ((access -> 'create'));
            CREATE INDEX IF NOT EXISTS i_access_read ON portin.access USING GIN ((access -> 'read'));
            CREATE INDEX IF NOT EXISTS i_access_update ON portin.access USING GIN ((access -> 'update'));
            CREATE INDEX IF NOT EXISTS i_access_delete ON portin.access USING GIN ((access -> 'delete'));

            -- Table: portin.portin_event_type -- END ---------
        </sql>
    </changeSet>

    <changeSet author="portin" id="did_process_lease" context="schema">
        <sql>
            -- -----------------------------------------------------
            -- Table portin.access
            -- -----------------------------------------------------

            CREATE TABLE IF NOT EXISTS portin.did_process_lease
            (
            lease_name character varying(128) COLLATE pg_catalog."default" NOT NULL,
            lease_acquired_by character varying(128) COLLATE pg_catalog."default" NOT NULL,
            lease_start_timestamp timestamp with time zone NOT NULL,
            lease_expiry_timestamp timestamp with time zone NOT NULL,
            CONSTRAINT lease_name_pk PRIMARY KEY (lease_name)
            )

            TABLESPACE pg_default;

            -- Table: portin.did_process_lease -- END ---------
        </sql>
    </changeSet>

    <changeSet author="portin" id="portin_event_type" context="schema">
        <sql>
            -- -----------------------------------------------------
            -- Table: portin.portin_event_type -- START --
            -- -----------------------------------------------------

            CREATE TABLE IF NOT EXISTS portin.portin_event_type
            (
            event_type_id integer NOT NULL,
            event_type_name character varying(64) COLLATE pg_catalog."default" NOT NULL,
            CONSTRAINT portin_entity_event_type_pkey PRIMARY KEY (event_type_id)
            )

            TABLESPACE pg_default;

            COMMENT ON TABLE portin.portin_event_type
            IS 'This table is to maintain the different possible events on any entities and its property.';

            COMMENT ON COLUMN portin.portin_event_type.event_type_id
            IS 'This is unique primary key column for portin_event_type table.';

            COMMENT ON COLUMN portin.portin_event_type.event_type_name
            IS 'This is event type name which provides different possible events on entities.';

            -- Table: portin.portin_event_type -- END ---------
        </sql>
    </changeSet>

    <changeSet author="portin" id="portin_event" context="schema">
        <sql>
            -- -----------------------------------------------------
            -- Table: portin.portin_event -- START
            -- -----------------------------------------------------

            CREATE TABLE IF NOT EXISTS portin.portin_event
            (
            event_id bigserial NOT NULL,
            entity_type character varying(64) COLLATE pg_catalog."default" NOT NULL,
            entity_key character varying(64) COLLATE pg_catalog."default" NOT NULL,
            changed_property character varying(64) COLLATE pg_catalog."default" NOT NULL,
            before_value text COLLATE pg_catalog."default",
            after_value text COLLATE pg_catalog."default",
            event_type integer NOT NULL,
            event_time timestamp(6) with time zone NOT NULL,
            event_processed_user_id bigint,
            event_processed_by character varying(128) COLLATE pg_catalog."default" NOT NULL,
            CONSTRAINT did_event_pkey PRIMARY KEY (event_id),
            CONSTRAINT event_type_fkey FOREIGN KEY (event_type)
            REFERENCES portin.portin_event_type (event_type_id) MATCH SIMPLE
            ON UPDATE NO ACTION
            ON DELETE CASCADE
            NOT VALID
            )

            TABLESPACE pg_default;

            COMMENT ON TABLE portin.portin_event
            IS 'This table is for capturing the history of events on entities.';

            COMMENT ON COLUMN portin.portin_event.event_id
            IS 'This is unique id column for portin_event table.';

            COMMENT ON COLUMN portin.portin_event.entity_type
            IS 'This is the entity type on which the change occurred.';

            COMMENT ON COLUMN portin.portin_event.entity_key
            IS 'This is entity identifier on which the change occurred.';

            COMMENT ON COLUMN portin.portin_event.changed_property
            IS 'This is the propery of entity which got changed.';

            COMMENT ON COLUMN portin.portin_event.before_value
            IS 'This is the old value of changing property.';

            COMMENT ON COLUMN portin.portin_event.after_value
            IS 'This is the new value of changing property.';

            COMMENT ON COLUMN portin.portin_event.event_type
            IS 'This is type of event from did_entity_event_type.';

            COMMENT ON COLUMN portin.portin_event.event_time
            IS 'This is event time.';

            COMMENT ON COLUMN portin.portin_event.event_processed_user_id
            IS 'This is the user id who processed the event.';

            COMMENT ON COLUMN portin.portin_event.event_processed_by
            IS 'This is event processor name/person name who processed the event.';

            COMMENT ON CONSTRAINT event_type_fkey ON portin.portin_event
            IS 'This is foreign key from request_current_status column to did_request_status.status_id';

            -- Index: fki_before_value_fkey

            CREATE INDEX IF NOT EXISTS fki_before_value_fkey
            ON portin.portin_event USING btree
            (before_value)
            TABLESPACE pg_default;

            -- Index: fki_request_previous_status

            CREATE INDEX IF NOT EXISTS fki_after_value
            ON portin.portin_event USING btree
            (after_value)
            TABLESPACE pg_default;

            -- Table: portin.portin_event -- END --------------
        </sql>
    </changeSet>

    <changeSet author="portin" id="did_file_system" context="schema">
        <sql>
            -- -----------------------------------------------------
            -- Table: portin.did_file_system -- START
            -- -----------------------------------------------------

            CREATE TABLE IF NOT EXISTS portin.did_file_system
            (
            file_id bigserial NOT NULL,
            file_name character varying(256) COLLATE pg_catalog."default" NOT NULL,
            file_uri character varying(1024) COLLATE pg_catalog."default" NOT NULL,
            created_date timestamp with time zone NOT NULL,
            CONSTRAINT file_id_pkey PRIMARY KEY (file_id)

            ) TABLESPACE pg_default;

            CREATE INDEX IF NOT EXISTS idx_file_id ON portin.did_file_system(file_id);
            CREATE INDEX IF NOT EXISTS idx_file_uri ON portin.did_file_system(file_uri);
            COMMENT ON TABLE portin.did_file_system IS 'This Table contains file references to the external storage.';

            -- Table: portin.did_file_system -- END --------------

        </sql>
    </changeSet>

    <changeSet author="portin" id="portin_request_status" context="schema">
        <sql>
            -- -----------------------------------------------------
            -- Table: portin.portin_request_status -- START -----------
            -- -----------------------------------------------------

            CREATE TABLE IF NOT EXISTS portin.portin_request_status
            (
            portin_status_id bigserial NOT NULL,
            portin_status_name character varying(32) COLLATE pg_catalog."default" NOT NULL,
            portin_status_message character varying(512) COLLATE pg_catalog."default",
            CONSTRAINT portin_status_id_pkey PRIMARY KEY (portin_status_id),
            CONSTRAINT portin_status_name_unique UNIQUE (portin_status_name)

            ) TABLESPACE pg_default;

            COMMENT ON TABLE portin.portin_request_status
            IS 'This table contains possible statuses for a DID Portin Request.';

            -- Table: portin.portin_request_status -- END -------------
        </sql>
    </changeSet>

    <changeSet author="portin" id="insert_portin_request_status_data" context="initial-data">
        <sql>
            INSERT INTO
            portin.portin_request_status (portin_status_id, portin_status_name, portin_status_message)
            VALUES
            (0, 'Draft', ''),
            (1, 'Submitted', ''),
            (2, 'Rejected', 'Please contact Fuze for additional information.'),
            (3, 'Customer Cancelled', ''),
            (4, 'Complete', ''),
            (5, 'Scheduled for Delete', '');
        </sql>
    </changeSet>

    <changeSet author="portin" id="portin_order_status" context="schema">
        <sql>
            -- -----------------------------------------------------
            -- Table: portin.portin_order_status -- START -----------
            -- -----------------------------------------------------

            CREATE TABLE IF NOT EXISTS portin.portin_order_status
            (
            portin_order_status_id bigserial NOT NULL,
            portin_order_status_name character varying(32) COLLATE pg_catalog."default" NOT NULL,
            portin_order_status_message character varying(512) COLLATE pg_catalog."default",
            CONSTRAINT portin_order_status_id_pkey PRIMARY KEY (portin_order_status_id),
            CONSTRAINT portin_order_status_name_unique UNIQUE (portin_order_status_name)

            ) TABLESPACE pg_default;

            COMMENT ON TABLE portin.portin_order_status
            IS 'This table contains possible statuses for a DID Portin Order.';

            -- Table: portin.portin_order_status -- END -------------
        </sql>
    </changeSet>

    <changeSet author="portin" id="insert_portin_order_status_data" context="initial-data">
        <sql>
            INSERT INTO
            portin.portin_order_status (portin_order_status_id, portin_order_status_name, portin_order_status_message)
            VALUES
            (0, 'DRAFT', ''),
            (1, 'PENDING_DOCUMENTS', ''),
            (2, 'SUBMITTED', ''),
            (3, 'EXCEPTION', 'Please contact Fuze for additional information.'),
            (4, 'REQUESTED_CANCEL', ''),
            (5, 'REQUESTED_SUPP', ''),
            (6, 'FOC', ''),
            (7, 'CANCELLED', ''),
            (8, 'COMPLETE', '');
        </sql>
    </changeSet>

    <changeSet author="portin" id="portin_file_type" context="schema">
        <sql>
            -- -----------------------------------------------------
            -- Table: portin.portin_file_type -- START -----------
            -- -----------------------------------------------------

            CREATE TABLE IF NOT EXISTS portin.portin_file_type
            (
            portin_file_type_id bigserial NOT NULL,
            portin_file_type_name character varying(32) COLLATE pg_catalog."default" NOT NULL,
            CONSTRAINT portin_file_type_id_pkey PRIMARY KEY (portin_file_type_id),
            CONSTRAINT portin_file_type_name_unique UNIQUE (portin_file_type_name)

            ) TABLESPACE pg_default;

            COMMENT ON TABLE portin.portin_file_type
            IS 'This table contains possible file types for a DID Portin documents.';

            -- Table: portin.portin_file_type -- END -------------
        </sql>
    </changeSet>

    <changeSet author="portin" id="insert_portin_file_type_data" context="initial-data">
        <sql>
            INSERT INTO
            portin.portin_file_type (portin_file_type_id, portin_file_type_name)
            VALUES
            (0, 'Letter of Authorization'),
            (1, 'Copy of Bill'),
            (2, 'Customer Service Record');
        </sql>
    </changeSet>

    <changeSet author="portin" id="portin_order_error_status_type" context="schema">
        <sql>
            -- -----------------------------------------------------
            -- Table: portin.portin_order_error_status_type -- START -----------
            -- -----------------------------------------------------

            CREATE TABLE IF NOT EXISTS portin.portin_order_error_status_type
            (
            error_status_id bigserial NOT NULL,
            error_status_name character varying(32) COLLATE pg_catalog."default" NOT NULL,
            CONSTRAINT error_status_id_pkey PRIMARY KEY (error_status_id),
            CONSTRAINT error_status_name_unique UNIQUE (error_status_name)

            ) TABLESPACE pg_default;

            COMMENT ON TABLE portin.portin_order_error_status_type
            IS 'This table contains possible portin order error status types for a DID Portin.';

            -- Table: portin.portin_order_error_status_type -- END -------------
        </sql>
    </changeSet>

    <changeSet author="portin" id="insert_portin_order_error_status_type_data" context="initial-data">
        <sql>
            INSERT INTO
            portin.portin_order_error_status_type (error_status_id, error_status_name)
            VALUES
            (0, 'Open'),
            (1, 'Closed');
        </sql>
    </changeSet>

    <changeSet author="portin" id="portin_request" context="schema">
        <sql>
            -- -----------------------------------------------------
            -- Table: portin.portin_request -- START -----------
            -- -----------------------------------------------------

            CREATE TABLE IF NOT EXISTS portin.portin_request
            (
            portin_request_id bigserial NOT NULL,
            portin_external_request_id character varying(64) COLLATE pg_catalog."default",
            customer_account_id character varying(64) COLLATE pg_catalog."default",
            phone_numbers TEXT COLLATE pg_catalog."default",
            non_portable_numbers TEXT COLLATE pg_catalog."default",
            requested_activation_date timestamp(6) with time zone,
            requested_quantity integer,
            request_status bigint NOT NULL DEFAULT 0,
            bulk_port_order_number character varying(64) COLLATE pg_catalog."default",
            organization_code character varying(64) COLLATE pg_catalog."default",
            organization_name character varying(64) COLLATE pg_catalog."default",
            requested_date timestamp(6) with time zone,
            requested_user_id bigint NOT NULL,
            requested_user_email character varying(64) COLLATE pg_catalog."default" NOT NULL,
            requested_user_fullname character varying(128) COLLATE pg_catalog."default" NOT NULL,
            requested_user_code character varying(128) COLLATE pg_catalog."default" NOT NULL,
            modified_date timestamp(6) with time zone,
            modified_user_id bigint,
            modified_user_email character varying(64) COLLATE pg_catalog."default",
            modified_user_fullname character varying(128) COLLATE pg_catalog."default",
            modified_user_code character varying(128) COLLATE pg_catalog."default",
            completed_date timestamp(6) with time zone,
            completed_user_id bigint,
            completed_user_email character varying(64) COLLATE pg_catalog."default",
            completed_user_fullname character varying(128) COLLATE pg_catalog."default",
            completed_user_code character varying(128) COLLATE pg_catalog."default",
            notes text COLLATE pg_catalog."default",
            CONSTRAINT portin_request_pkey PRIMARY KEY (portin_request_id),
            CONSTRAINT did_portin_request_status_fkey FOREIGN KEY (request_status)
            REFERENCES portin.portin_request_status (portin_status_id) MATCH SIMPLE
            ON UPDATE NO ACTION
            ON DELETE CASCADE
            NOT VALID
            )

            TABLESPACE pg_default;

            COMMENT ON TABLE portin.portin_request
            IS 'This table is for tracking DID portin requests for UI purpose.';

            COMMENT ON COLUMN portin.portin_request.portin_request_id
            IS 'This is unique primary key column for did_portin_request table.';

            COMMENT ON COLUMN portin.portin_request.portin_external_request_id
            IS 'This is unique request id for external/UI purpose for a DID portin.';

            COMMENT ON COLUMN portin.portin_request.customer_account_id
            IS 'This is customer account id needed for a DID portin.';

            COMMENT ON COLUMN portin.portin_request.phone_numbers
            IS 'This is phone numbers for a DID portin.';

            COMMENT ON COLUMN portin.portin_request.non_portable_numbers
            IS 'This is non portable numbers for a DID portin.';

            COMMENT ON COLUMN portin.portin_request.requested_activation_date
            IS 'This is activation date for a DID portin.';

            COMMENT ON COLUMN portin.portin_request.requested_quantity
            IS 'This is requested quantity for a DID portin.';

            COMMENT ON COLUMN portin.portin_request.request_status
            IS 'This is request status for a DID portin.';

            COMMENT ON COLUMN portin.portin_request.bulk_port_order_number
            IS 'This is Bulk PON (Port order number from Bandwidth API) for a DID portin.';

            COMMENT ON COLUMN portin.portin_request.organization_code
            IS 'This is client organization code.';

            COMMENT ON COLUMN portin.portin_request.organization_name
            IS 'This is client organization name.';

            COMMENT ON COLUMN portin.portin_request.requested_date
            IS 'This is requested date for a DID portin.';

            COMMENT ON COLUMN portin.portin_request.requested_user_id
            IS 'This is requested user id for a DID portin.';

            COMMENT ON COLUMN portin.portin_request.requested_user_email
            IS 'This is requested user Email for a DID portin.';

            COMMENT ON COLUMN portin.portin_request.requested_user_fullname
            IS 'This is requested user full name (First name + Last Name) for a DID portin.';

            COMMENT ON COLUMN portin.portin_request.requested_user_code
            IS 'This is requested user code for a DID portin.';

            COMMENT ON COLUMN portin.portin_request.modified_date
            IS 'This is modified date for a DID portin.';

            COMMENT ON COLUMN portin.portin_request.modified_user_id
            IS 'This is modified user id  for a DID portin.';

            COMMENT ON COLUMN portin.portin_request.modified_user_email
            IS 'This is modified user Email for a DID portin.';

            COMMENT ON COLUMN portin.portin_request.modified_user_fullname
            IS 'This is modified user full name (First name + Last Name) for a DID portin.';

            COMMENT ON COLUMN portin.portin_request.modified_user_code
            IS 'This is modified user code for a DID portin.';

            COMMENT ON COLUMN portin.portin_request.completed_date
            IS 'This is completed date for a DID portin.';

            COMMENT ON COLUMN portin.portin_request.completed_user_id
            IS 'This is completed user id for a DID portin.';

            COMMENT ON COLUMN portin.portin_request.completed_user_email
            IS 'This is completed user Email for a DID portin.';

            COMMENT ON COLUMN portin.portin_request.completed_user_fullname
            IS 'This is completed user full name (First name + Last Name) for a DID portin.';

            COMMENT ON COLUMN portin.portin_request.completed_user_code
            IS 'This is completed user code for a DID portin.';

            COMMENT ON COLUMN portin.portin_request.notes
            IS 'This is notes for a DID portin.';

            -- Table: portin.portin_request -- END -------------
        </sql>
    </changeSet>

    <changeSet author="portin" id="portin_order" context="schema">
        <sql>
            -- -----------------------------------------------------
            -- Table: portin.portin_order -- START -----------
            -- -----------------------------------------------------

            CREATE TABLE IF NOT EXISTS portin.portin_order
            (
            portin_order_id bigserial NOT NULL,
            portin_request_id bigint NOT NULL,
            portin_customer_order_id character varying(64) COLLATE pg_catalog."default",
            portin_external_system_order_id character varying(128) COLLATE pg_catalog."default",
            alternate_spid character varying(64) COLLATE pg_catalog."default",
            billing_telephone_number character varying(64) COLLATE pg_catalog."default",
            replacement_billing_telephone_number character varying(64) COLLATE pg_catalog."default",
            user_account_type character varying(32) COLLATE pg_catalog."default",
            user_companyname character varying(64) COLLATE pg_catalog."default",
            authorized_username character varying(128) COLLATE pg_catalog."default",
            user_firstname character varying(64) COLLATE pg_catalog."default",
            user_middleinitial character varying(32) COLLATE pg_catalog."default",
            user_lastname character varying(64) COLLATE pg_catalog."default",
            address_streetnumber  character varying(32) COLLATE pg_catalog."default",
            address_streetname   character varying(512) COLLATE pg_catalog."default",
            address_housenumber  character varying(32) COLLATE pg_catalog."default",
            address_addressline2   character varying(512) COLLATE pg_catalog."default",
            address_city character varying(128) COLLATE pg_catalog."default",
            address_state character varying(64) COLLATE pg_catalog."default",
            address_zip character varying(10) COLLATE pg_catalog."default",
            address_zip4 character varying(5) COLLATE pg_catalog."default",
            address_country character varying(128) COLLATE pg_catalog."default",
            loa_authorizing_person character varying(128) COLLATE pg_catalog."default",
            lc_accountnumber character varying(128) COLLATE pg_catalog."default",
            lc_pinnumber character varying(32) COLLATE pg_catalog."default",
            phone_numbers TEXT COLLATE pg_catalog."default",
            phone_number_type character varying(32) COLLATE pg_catalog."default",
            portin_type bigint,
            partial_portin character varying(5) COLLATE pg_catalog."default",
            loa_uploaded character varying(1) COLLATE pg_catalog."default",
            csr_uploaded character varying(1) COLLATE pg_catalog."default",
            loa_required character varying(5) COLLATE pg_catalog."default",
            suggested_activation_date timestamp(6) with time zone,
            requested_activation_date timestamp(6) with time zone,
            requested_quantity integer,
            order_status bigint NOT NULL DEFAULT 0,
            external_api_update_status_code character varying(32) COLLATE pg_catalog."default",
            external_api_update_status_description character varying(512) COLLATE pg_catalog."default",
            triggered character varying(5) COLLATE pg_catalog."default",
            order_date timestamp(6) with time zone,
            vendor_name character varying(128) COLLATE pg_catalog."default",
            rate_center character varying(128) COLLATE pg_catalog."default",
            loc_carrier_spid character varying(64) COLLATE pg_catalog."default",
            loc_carrier_name character varying(64) COLLATE pg_catalog."default",
            loc_carrier_iswireless character varying(5) COLLATE pg_catalog."default",
            loc_carrier_accountnumberrequired character varying(5) COLLATE pg_catalog."default",
            loc_carrier_minimumportinginterval bigint,
            organization_code character varying(64) COLLATE pg_catalog."default",
            organization_name character varying(64) COLLATE pg_catalog."default",
            requested_user_id bigint NOT NULL,
            requested_user_email character varying(64) COLLATE pg_catalog."default" NOT NULL,
            requested_user_fullname character varying(128) COLLATE pg_catalog."default" NOT NULL,
            requested_user_code character varying(128) COLLATE pg_catalog."default" NOT NULL,
            modified_date timestamp(6) with time zone,
            modified_user_id bigint,
            modified_user_email character varying(64) COLLATE pg_catalog."default",
            modified_user_fullname character varying(128) COLLATE pg_catalog."default",
            modified_user_code character varying(128) COLLATE pg_catalog."default",
            completed_date timestamp(6) with time zone,
            completed_user_id bigint,
            completed_user_email character varying(64) COLLATE pg_catalog."default",
            completed_user_fullname character varying(128) COLLATE pg_catalog."default",
            completed_user_code character varying(128) COLLATE pg_catalog."default",
            notes text COLLATE pg_catalog."default",
            CONSTRAINT portin_order_id_pkey PRIMARY KEY (portin_order_id),
            CONSTRAINT did_portin_order_status_fkey FOREIGN KEY (order_status)
            REFERENCES portin.portin_order_status (portin_order_status_id) MATCH SIMPLE
            ON UPDATE NO ACTION
            ON DELETE CASCADE,
            CONSTRAINT portin_request_id_fkey FOREIGN KEY (portin_request_id)
            REFERENCES portin.portin_request (portin_request_id) MATCH SIMPLE
            ON UPDATE NO ACTION
            ON DELETE CASCADE
            NOT VALID
            )

            TABLESPACE pg_default;

            COMMENT ON TABLE portin.portin_order
            IS 'This table is for tracking DID portin requests for UI purpose.';

            COMMENT ON COLUMN portin.portin_order.portin_order_id
            IS 'This is unique primary key column for portin_order table.';

            COMMENT ON COLUMN portin.portin_order.portin_customer_order_id
            IS 'This is order id that our application set to track as a customer to external system.';

            COMMENT ON COLUMN portin.portin_order.portin_external_system_order_id
            IS 'This is order number got from external system for a DID portin request.';

            COMMENT ON COLUMN portin.portin_order.alternate_spid
            IS 'This is alternate SPID for a DID portin.';

            COMMENT ON COLUMN portin.portin_order.billing_telephone_number
            IS 'This is Billing Telephone Number for a DID portin.';

            COMMENT ON COLUMN portin.portin_order.replacement_billing_telephone_number
            IS 'This is replacement Billing Telephone Number for a DID portin.';

            COMMENT ON COLUMN portin.portin_order.user_account_type
            IS 'This is user account type (business or residential) for a DID portin.';

            COMMENT ON COLUMN portin.portin_order.user_companyname
            IS 'This is user company name for a DID portin.';

            COMMENT ON COLUMN portin.portin_order.authorized_username
            IS 'This is authorized username for a DID portin.';

            COMMENT ON COLUMN portin.portin_order.user_firstname
            IS 'This is requested user first name for a DID portin.';

            COMMENT ON COLUMN portin.portin_order.user_middleinitial
            IS 'This is requested user middle initial name for a DID portin.';

            COMMENT ON COLUMN portin.portin_order.user_lastname
            IS 'This is requested user middle last name for a DID portin.';

            COMMENT ON COLUMN portin.portin_order.address_streetnumber
            IS 'This is address_streetnumber for a DID portin.';

            COMMENT ON COLUMN portin.portin_order.address_streetname
            IS 'This is requested user street name for a DID portin.';

            COMMENT ON COLUMN portin.portin_order.address_housenumber
            IS 'This is requested user house number for a DID portin.';

            COMMENT ON COLUMN portin.portin_order.address_addressline2
            IS 'This is requested user address line 2 for a DID portin.';

            COMMENT ON COLUMN portin.portin_order.address_city
            IS 'This is requested user city for a DID portin.';

            COMMENT ON COLUMN portin.portin_order.address_state
            IS 'This is requested user state for a DID portin.';

            COMMENT ON COLUMN portin.portin_order.address_zip
            IS 'This is requested user zip for a DID portin.';

            COMMENT ON COLUMN portin.portin_order.address_zip4
            IS 'This is requested user zip 4 digit code for a DID portin.';

            COMMENT ON COLUMN portin.portin_order.address_country
            IS 'This is requested user country for a DID portin.';

            COMMENT ON COLUMN portin.portin_order.loa_authorizing_person
            IS 'This is LOA authoring person for a DID portin.';

            COMMENT ON COLUMN portin.portin_order.lc_accountnumber
            IS 'This is losing carrier account number for a DID portin.';

            COMMENT ON COLUMN portin.portin_order.lc_pinnumber
            IS 'This is losing carrier account pin number for a DID portin.';

            COMMENT ON COLUMN portin.portin_order.phone_numbers
            IS 'This is phone numbers for a DID portin.';

            COMMENT ON COLUMN portin.portin_order.phone_number_type
            IS 'This is indicator for tollfree, wired, wireless phone number type for a DID portin.';

            COMMENT ON COLUMN portin.portin_order.portin_type
            IS 'This is portin type for a DID portin.';

            COMMENT ON COLUMN portin.portin_order.partial_portin
            IS 'This is portin all numbers or not for a DID portin.';

            COMMENT ON COLUMN portin.portin_order.loa_uploaded
            IS 'This is indicator for LOA generated or not (Y/N) for a DID portin.';

            COMMENT ON COLUMN portin.portin_order.csr_uploaded
            IS 'This is indicator for ALL CSR generated or not (Y/N) for a DID portin.';

            COMMENT ON COLUMN portin.portin_order.loa_required
            IS 'This is indicator for LOA required or not for a DID portin.';

            COMMENT ON COLUMN portin.portin_order.suggested_activation_date
            IS 'This is activation date for a DID portin.';

            COMMENT ON COLUMN portin.portin_order.requested_activation_date
            IS 'This is activation date for a DID portin.';

            COMMENT ON COLUMN portin.portin_order.requested_quantity
            IS 'This is requested quantity for a DID portin.';

            COMMENT ON COLUMN portin.portin_order.order_status
            IS 'This is order status for a DID portin.';

            COMMENT ON COLUMN portin.portin_order.external_api_update_status_code
            IS 'This is external api update api response status code for a DID portin.';

            COMMENT ON COLUMN portin.portin_order.external_api_update_status_description
            IS 'This is external api update api response status description for a DID portin.';

            COMMENT ON COLUMN portin.portin_order.triggered
            IS 'This is indicates manual activation if set to true else auto activation for a DID portin.';

            COMMENT ON COLUMN portin.portin_order.order_date
            IS 'This is order date for a DID portin.';

            COMMENT ON COLUMN portin.portin_order.vendor_name
            IS 'This is losing carrier vendor name for a DID portin.';

            COMMENT ON COLUMN portin.portin_order.rate_center
            IS 'This is rate center of BTN for a DID portin.';

            COMMENT ON COLUMN portin.portin_order.loc_carrier_spid
            IS 'This is losing carrier SPID for a DID portin.';

            COMMENT ON COLUMN portin.portin_order.loc_carrier_name
            IS 'This is losing carrier name for a DID portin.';

            COMMENT ON COLUMN portin.portin_order.loc_carrier_iswireless
            IS 'This is losing carrier is wireless or not for a DID portin.';

            COMMENT ON COLUMN portin.portin_order.loc_carrier_accountnumberrequired
            IS 'This is losing carrier account number required or not for a DID portin.';

            COMMENT ON COLUMN portin.portin_order.loc_carrier_minimumportinginterval
            IS 'This is losing carrier minimum porting interval for a DID portin.';

            COMMENT ON COLUMN portin.portin_order.modified_date
            IS 'This is modified date for a DID portin.';

            COMMENT ON COLUMN portin.portin_order.modified_user_id
            IS 'This is modified user id  for a DID portin.';

            COMMENT ON COLUMN portin.portin_order.modified_user_email
            IS 'This is modified user Email for a DID portin.';

            COMMENT ON COLUMN portin.portin_order.modified_user_fullname
            IS 'This is modified user full name (First name + Last Name) for a DID portin.';

            COMMENT ON COLUMN portin.portin_order.modified_user_code
            IS 'This is modified user code for a DID portin.';

            COMMENT ON COLUMN portin.portin_order.completed_date
            IS 'This is completed date for a DID portin.';

            COMMENT ON COLUMN portin.portin_order.completed_user_id
            IS 'This is completed user id for a DID portin.';

            COMMENT ON COLUMN portin.portin_order.completed_user_email
            IS 'This is completed user Email for a DID portin.';

            COMMENT ON COLUMN portin.portin_order.completed_user_fullname
            IS 'This is completed user full name (First name + Last Name) for a DID portin.';

            COMMENT ON COLUMN portin.portin_order.completed_user_code
            IS 'This is completed user code for a DID portin.';

            COMMENT ON COLUMN portin.portin_order.notes
            IS 'This is notes for a DID portin.';

            -- Table: portin.portin_order -- END -------------
        </sql>
    </changeSet>

    <changeSet author="portin" id="portin_precheck_answeres" context="schema">
        <sql>
            -- -----------------------------------------------------
            -- Table: portin.portin_precheck_answeres -- START -----------
            -- -----------------------------------------------------

            CREATE TABLE IF NOT EXISTS portin.portin_precheck_answeres
            (
            precheck_ans_id bigserial NOT NULL,
            precheck_qid bigint NOT NULL,
            portin_request_id bigint NOT NULL,
            precheck_answere character varying(1) COLLATE pg_catalog."default" NOT NULL,
            CONSTRAINT precheck_ans_pkey PRIMARY KEY (precheck_ans_id),
            CONSTRAINT portin_precheck_id_fkey FOREIGN KEY (precheck_qid)
            REFERENCES portin.portin_questionnaire (qid) MATCH SIMPLE
            ON UPDATE NO ACTION
            ON DELETE CASCADE,
            CONSTRAINT portin_request_id_fkey FOREIGN KEY (portin_request_id)
            REFERENCES portin.portin_request (portin_request_id) MATCH SIMPLE
            ON UPDATE NO ACTION
            ON DELETE CASCADE
            NOT VALID
            )

            TABLESPACE pg_default;

            COMMENT ON TABLE portin.portin_precheck_answeres
            IS 'This table is for possible DID portin precheck questions for UI purpose.';

            COMMENT ON COLUMN portin.portin_precheck_answeres.precheck_ans_id
            IS 'This is unique primary key column for portin_precheck_answere table.';

            COMMENT ON COLUMN portin.portin_precheck_answeres.precheck_qid
            IS 'This is foreign key column from portin_questionnaire table.';

            COMMENT ON COLUMN portin.portin_precheck_answeres.portin_request_id
            IS 'This is foreign key column from portin_request table.';

            COMMENT ON COLUMN portin.portin_precheck_answeres.precheck_answere
            IS 'This is precheck answere for question.';

            -- Table: portin.portin_precheck_answeres -- END -------------
        </sql>
    </changeSet>

    <changeSet author="portin" id="portin_request_file" context="schema">
        <sql>
            -- -----------------------------------------------------
            -- Table: portin.portin_request_file -- START -----------
            -- -----------------------------------------------------

            CREATE TABLE IF NOT EXISTS portin.portin_request_file
            (
            portin_request_file_id bigserial NOT NULL,
            portin_request_id bigint NOT NULL,
            portin_order_id bigint,
            portin_file_type bigint NOT NULL,
            file_id bigint NOT NULL,
            external_api_file_name character varying(512) COLLATE pg_catalog."default",
            signed_date timestamp(6) without time zone,
            CONSTRAINT portin_request_file_pkey PRIMARY KEY (portin_request_file_id),
            CONSTRAINT file_id_fkey FOREIGN KEY (file_id)
            REFERENCES portin.did_file_system (file_id) MATCH SIMPLE
            ON UPDATE NO ACTION
            ON DELETE CASCADE,
            CONSTRAINT portin_request_id_fkey FOREIGN KEY (portin_request_id)
            REFERENCES portin.portin_request (portin_request_id) MATCH SIMPLE
            ON UPDATE NO ACTION
            ON DELETE CASCADE,
            CONSTRAINT portin_order_id_fkey FOREIGN KEY (portin_order_id)
            REFERENCES portin.portin_order (portin_order_id) MATCH SIMPLE
            ON UPDATE NO ACTION
            ON DELETE CASCADE,
            CONSTRAINT portin_file_type_id_fkey FOREIGN KEY (portin_file_type)
            REFERENCES portin.portin_file_type (portin_file_type_id) MATCH SIMPLE
            ON UPDATE NO ACTION
            ON DELETE CASCADE
            NOT VALID
            )

            TABLESPACE pg_default;

            COMMENT ON TABLE portin.portin_request_file
            IS 'This table is for maintaining files related to a DID portin request.';

            COMMENT ON COLUMN portin.portin_request_file.portin_request_file_id
            IS 'This is unique primary key column for did_portin_request_file table.';

            COMMENT ON COLUMN portin.portin_request_file.portin_request_id
            IS 'This is related files portin request id.';

            COMMENT ON COLUMN portin.portin_request_file.portin_file_type
            IS 'This is document type for portin request.';

            COMMENT ON COLUMN portin.portin_request_file.file_id
            IS 'This is related file id of a file related to a portin request id.';

            COMMENT ON COLUMN portin.portin_request_file.external_api_file_name
            IS 'This is new file id generated from the response of external API response.';

            COMMENT ON COLUMN portin.portin_request_file.signed_date
            IS 'This is signed date for document uploaded.';

            -- Table: portin.portin_request_file -- END -------------
        </sql>
    </changeSet>

    <changeSet author="portin" id="portin_order_error" context="schema">
        <sql>
            -- -----------------------------------------------------
            -- Table: portin.portin_order_error -- START -----------
            -- -----------------------------------------------------

            CREATE TABLE IF NOT EXISTS portin.portin_order_error
            (
            portin_order_error_id bigserial NOT NULL,
            portin_request_id bigint NOT NULL,
            portin_order_id bigint NOT NULL,
            error_code character varying(256) COLLATE pg_catalog."default" NOT NULL,
            error_description character varying(512) COLLATE pg_catalog."default" NOT NULL,
            error_status bigint NOT NULL,
            created_date timestamp(6) with time zone NOT NULL,
            resolved_date timestamp(6) with time zone,
            resolved_user_id bigint,
            resolved_user_email character varying(64) COLLATE pg_catalog."default",
            resolved_user_fullname character varying(128) COLLATE pg_catalog."default",
            resolved_user_code character varying(128) COLLATE pg_catalog."default",
            CONSTRAINT portin_order_error_id_pkey PRIMARY KEY (portin_order_error_id),
            CONSTRAINT portin_request_id_fkey FOREIGN KEY (portin_request_id)
            REFERENCES portin.portin_request (portin_request_id) MATCH SIMPLE
            ON UPDATE NO ACTION
            ON DELETE CASCADE,
            CONSTRAINT portin_order_id_fkey FOREIGN KEY (portin_order_id)
            REFERENCES portin.portin_order (portin_order_id) MATCH SIMPLE
            ON UPDATE NO ACTION
            ON DELETE CASCADE,
            CONSTRAINT portin_error_status_id_fkey FOREIGN KEY (error_status)
            REFERENCES portin.portin_order_error_status_type (error_status_id) MATCH SIMPLE
            ON UPDATE NO ACTION
            ON DELETE CASCADE
            NOT VALID
            )

            TABLESPACE pg_default;

            COMMENT ON TABLE portin.portin_order_error
            IS 'This table is for maintaining errors related portin orders to a DID portin request.';

            COMMENT ON COLUMN portin.portin_order_error.portin_order_error_id
            IS 'This is unique primary key column for portin_order_error table.';

            COMMENT ON COLUMN portin.portin_order_error.portin_request_id
            IS 'This is related portin request id.';

            COMMENT ON COLUMN portin.portin_order_error.portin_order_id
            IS 'This is related portin order id.';

            COMMENT ON COLUMN portin.portin_order_error.error_code
            IS 'This is error code received from external api response.';

            COMMENT ON COLUMN portin.portin_order_error.error_description
            IS 'This is error description received from external api response.';

            COMMENT ON COLUMN portin.portin_order_error.created_date
            IS 'This is error created date for the order.';

            COMMENT ON COLUMN portin.portin_order_error.resolved_date
            IS 'This is resolved date for an order error.';

            COMMENT ON COLUMN portin.portin_order_error.resolved_user_id
            IS 'This is resolved user id  for an order error.';

            COMMENT ON COLUMN portin.portin_order_error.resolved_user_email
            IS 'This is resolved user Email for an order error.';

            COMMENT ON COLUMN portin.portin_order_error.resolved_user_fullname
            IS 'This is resolved user full name (First name + Last Name) for an order error.';

            COMMENT ON COLUMN portin.portin_order_error.resolved_user_code
            IS 'This is resolved user code for an order error.';

            -- Table: portin.portin_order_error -- END -------------
        </sql>
    </changeSet>

    <changeSet author="portin" id="email_notification_queue" context="schema">
        <sql>

            -- -----------------------------------------------------
            -- Table: portin.email_notification_queue -- START -----------
            -- -----------------------------------------------------

            CREATE TABLE IF NOT EXISTS portin.email_notification_queue
            (
            notification_id bigserial NOT NULL,
            request_id bigint,
            email_message_id bigint,
            template_alias character varying(64) COLLATE pg_catalog."default" NOT NULL,
            created_date timestamp(6) with time zone NOT NULL,
            modified_date timestamp(6) with time zone,
            notification_status smallint NOT NULL,
            CONSTRAINT email_notification_queue_pkey PRIMARY KEY (notification_id),
            CONSTRAINT portin_request_id_fkey_noticification_queue FOREIGN KEY (request_id)
            REFERENCES portin.portin_request (portin_request_id) MATCH SIMPLE
            ON UPDATE NO ACTION
            ON DELETE CASCADE
            )TABLESPACE pg_default;

            COMMENT ON TABLE portin.email_notification_queue
            IS 'This table contains all the notifications queued for customer/logistics.';

            COMMENT ON COLUMN portin.email_notification_queue.notification_id
            IS 'The Primary key';

            COMMENT ON COLUMN portin.email_notification_queue.request_id
            IS 'Request ID';

            COMMENT ON COLUMN portin.email_notification_queue.template_alias
            IS 'Template alias of did_notification_templat table';

            COMMENT ON COLUMN portin.email_notification_queue.notification_status
            IS 'Notification Status';

            -- Table: portin.email_notification_queue -- END -------------

        </sql>
    </changeSet>

</databaseChangeLog>
